{
  "rotation": 49.0,
  "corners": [
    [
      5954.5959774740895,
      -6043.797284217995,
      1,
      "",
      -359.8591867320418,
      718.8654902882986
    ],
    [
      5411.746104880109,
      -6985.870032582339,
      2,
      "",
      -81.20528371107957,
      830.3610332896262
    ],
    [
      3770.348047981657,
      -5370.929540536406,
      3,
      "",
      -131.30409040377555,
      1063.1124306861614
    ],
    [
      2554.6165880721856,
      -4969.478669439493,
      4,
      "",
      -304.3435640806432,
      1197.1590258436695
    ],
    [
      1863.1226597549849,
      -3634.6854876662646,
      5,
      "",
      -131.39838896954797,
      1364.0765899911062
    ],
    [
      343.85712481205337,
      -3137.3369407498194,
      6,
      "",
      -311.87967969172064,
      1521.509446414201
    ],
    [
      -615.7460759855876,
      -519.8197239235956,
      7,
      "",
      -106.45904451685772,
      1841.7324996250752
    ],
    [
      -3936.654450370991,
      -2323.145349123679,
      8,
      "",
      -57.88888817950351,
      2265.842642059682
    ],
    [
      -5453.049411891635,
      -2538.2158787028984,
      9,
      "",
      -110.43184351822356,
      2412.6684857977198
    ],
    [
      -6229.209841459328,
      449.90897792871783,
      10,
      "",
      -1.787031420163089,
      2743.6440822393015
    ],
    [
      -5964.645827643905,
      1876.7427270592411,
      11,
      "",
      -126.42301288127982,
      2889.6689821798645
    ],
    [
      -7552.525447521042,
      119.00061323765294,
      12,
      "",
      -237.2773642687454,
      3146.600552576654
    ],
    [
      -12335.806432804478,
      3018.43343123628,
      13,
      "",
      -125.951757458712,
      3784.834878549167
    ],
    [
      -13731.830146348011,
      2733.4255815621927,
      14,
      "",
      -201.69464756438072,
      3947.3331085992636
    ],
    [
      -4974.205292741207,
      -1679.8087305899478,
      15,
      "",
      -254.71239024835026,
      5000.455311895442
    ],
    [
      -1819.3270665623027,
      517.5898076307235,
      16,
      "",
      -293.9250164332062,
      5379.614914332472
    ],
    [
      -1184.012752766967,
      429.7002676291654,
      17,
      "",
      -50.27039270732172,
      5461.515861398254
    ],
    [
      332.7065004009637,
      616.534453144171,
      18,
      "",
      -291.6062103228687,
      5628.377564137544
    ]
  ]
}